name,terrane,age,age upper,age lower,plat,plon,a95,f,slat,slon,dec,inc,dir_a95,pole ref,age ref,grade,note,plateID,age upper diff,age lower diff,centroid_lat,Banxi_dec,Banxi_inc
Xiaofeng Dikes - Jing et al. (2019),SChina,821.37,821.84,820.9,26.1,82.1,14.587666023048374,1.0,30.96,111.23,266.5,76.3,8.2,Jing et al. (2019),Wang et al. (2016),B,-,602,0.4700000000000273,0.4700000000000273,66.1715270976517,271.9,77.5
Banxi Group - site mean (f=0.6),SChina,813,816,810,42.7,104.0,8.1,0.6,27.91,108.82,346.8,82.0,4.3,this study,this study,NR,-,602,3,3,74.70301413697463,346.5,82.2
Madiyi Formation - site mean (f=0.6),SChina,804.9,805.26,804.54,34.676676017894685,82.02169162848303,6.7048466313974195,0.6,27.5,109.6,293.5713499977569,76.88322455124717,3.741693262704819,Xian et al. (2020),this study,NR,-,602,0.36000000000001364,0.36000000000001364,66.20342962868924,293.2,77.6
Chengjiang Formation - site mean (f=0.6),SChina,799.5,807.9,791.1,29.99061271175446,74.87591425837131,8.076752678579266,0.6,25.145,102.411,287.4887385916947,76.97845118996618,4.491403458273275,Jing et al. (2019),Jing et al. (2019),NR,-,602,8.399999999999977,8.399999999999977,60.33215339900602,282.3,74.1
Liantuo Formation - Jing et al. (2021) site mean (f=0.6),SChina,779.52,779.78,779.26,24.91504883565465,136.3825833380694,6.638998473418911,1.0,30.801,110.92,98.77446481840529,77.74008167933702,3.788275219885469,Jing et al. (2021),this study,B,-,602,0.2599999999999909,0.2599999999999909,65.18603052823745,90.6,77.0
